{
  "config": {
    "k": 10,
    "strict_mode": false,
    "faithfulness_top_k": 2
  },
  "total_queries": 6,
  "retrieval": {
    "hit_rate": {
      "1": 0.6666666666666666,
      "3": 0.8333333333333334,
      "5": 1.0,
      "10": 1.0
    },
    "ndcg": {
      "3": 0.7718216255952429,
      "5": 0.8606481612170568,
      "10": 0.8643685828599869
    }
  },
  "generation_summary": {
    "latency": {
      "retrieval_ms": {
        "mean": 5395.42,
        "median": 5482.45,
        "std": 468.13,
        "p95": 5876.44,
        "p99": 5893.01
      },
      "generation_ms": {
        "mean": 5550.49,
        "median": 5646.02,
        "std": 1262.43,
        "p95": 6993.41,
        "p99": 7094.71
      },
      "total_ms": {
        "mean": 10945.92,
        "median": 11197.5,
        "std": 1578.08,
        "p95": 12669.51,
        "p99": 12837.2
      }
    }
  }
}