{
  "recall": {
    "1": 0.027014318238147317,
    "3": 0.06867389221317871,
    "5": 0.09475277883267395,
    "10": 0.14195534387682218
  },
  "ndcg": {
    "3": 0.916963491593495,
    "5": 0.8703311503923291,
    "10": 0.7748585190723147
  }
}