{
  "recall": {
    "1": 0.06701704281562693,
    "3": 0.10950852075610923,
    "5": 0.13392239983431053,
    "10": 0.17277116271775547
  },
  "ndcg": {
    "3": 0.445250815297345,
    "5": 0.3914107745042312,
    "10": 0.3266513133531021
  }
}