{
  "recall": {
    "1": 0.041698976303585863,
    "3": 0.09244857712290355,
    "5": 0.1410439192309623,
    "10": 0.18151742378751357
  },
  "ndcg": {
    "3": 0.835863614325952,
    "5": 0.8307001015590942,
    "10": 0.7675448570570172
  }
}